namaMK,deskripsiMK
Machine Learning,"['mesin', 'ajar', 'ajar', 'mesin', 'mesin', 'ajar', 'aplikasi', 'algoritma', 'mesin', 'ajar', 'keputusan', 'informasi', 'sedia', 'mesin', 'ajar', 'algoritma', 'ajar', 'pohon', 'keputusan', 'algoritma', 'teori', 'algoritma', 'jaringan', 'saraf', 'tiru', 'algoritma', 'ensemble', 'reduksi', 'dimensi', 'ajar', 'mesin', 'mesin', 'ajar', 'teori', 'teori', 'ajar', 'mesin', 'susun', 'algoritma', 'ajar', 'mesin', 'mesin', 'ajar', 'matematika', 'ajar', 'mesin', 'mesin', 'ajar', 'algoritma', 'ajar', 'mesin', 'mesin', 'ajar', 'aplikasi', 'cerdas', 'cerdas', 'teknologi', 'ajar', 'mesin', 'mesin', 'ajar', 'cerdas', 'cerdas', 'metode', 'ajar', 'mesin', 'mesin', 'ajar', 'ajar', 'kelompok', 'jarak', 'minimal', 'metode', 'klasifikasi', 'jarak', 'metode', 'mesin', 'ajar', 'klasifikasi', 'keputusan', 'metode', 'mesin', 'ajar', 'parameter', 'mesin', 'ajar', 'metode', 'multivariat', 'metode', 'dimensi', 'metode', 'kelompok', 'metode', 'non', 'parameter', 'metode', 'pohon', 'keputusan', 'diskrit', 'linier', 'jaringan', 'saraf', 'tiru', 'jaringan', 'saraf', 'tiru', 'lapis', 'kernel', 'mesin', 'metode', 'mesin', 'vektor', 'dukung', 'metode', 'ajar', 'klasifikasi', 'regresi']"
Manajemen Jaringan,"['manajemen', 'jaringan', 'layanan', 'koneksi', 'infrastruktur', 'jaringan', 'koneksi', 'infrastruktur', 'manajemen', 'koneksi', 'infrastruktur', 'susun', 'subnet', 'susun', 'koneksi', 'infrastruktur', 'koneksi', 'infrastruktur', 'area', 'lokal', 'virtual', 'rute', 'tata', 'manajemen', 'alamat', 'internet', 'protokol', 'rancang', 'tafsir', 'alamat', 'koneksi', 'infrastruktur', 'konfigurasi', 'sistem', 'nama', 'domain', 'analisis', 'lintas', 'koneksi', 'infrastruktur', 'data', 'histori', 'aman', 'koneksi', 'infrastruktur', 'koneksi', 'infrastruktur', 'pribadi', 'virtual', 'translasi', 'alamat', 'internet', 'protokol', 'alamat', 'internet', 'protokol', 'manajemen', 'koneksi', 'infrastruktur', 'jaringan', 'koneksi', 'infrastruktur', 'koneksi', 'infrastruktur', 'susun', 'subnet', 'infrastruktur', 'koneksi', 'susun', 'koneksi', 'infrastruktur', 'koneksi', 'infrastruktur', 'area', 'lokal', 'virtual', 'rute', 'rute', 'tata', 'manajemen', 'alamat', 'internet', 'protokol', 'rancang', 'tafsir', 'alamat', 'koneksi', 'infrastruktur', 'terjemah', 'alamat', 'port', 'konfigurasi', 'sistem', 'nama', 'domain', 'susun', 'subnet', 'layanan', 'koneksi', 'infrastruktur', 'koneksi', 'infrastruktur', 'area', 'lokal', 'virtual', 'rute', 'tata', 'manajemen', 'alamat', 'internet', 'protokol', 'tafsir', 'alamat', 'koneksi', 'infrastruktur', 'konfigurasi', 'sistem', 'nama', 'domain', 'analisis', 'lintas', 'koneksi', 'infrastruktur', 'data', 'histori', 'analisis', 'lintas', 'koneksi', 'infrastruktur', 'aman', 'koneksi', 'infrastruktur', 'aman', 'koneksi', 'infrastruktur', 'koneksi', 'infrastruktur', 'pribadi', 'virtual', 'translasi', 'internet', 'protokol', 'internet', 'protokol', 'manajemen', 'koneksi', 'infrastruktur', 'analisis', 'lintas', 'koneksi', 'infrastruktur', 'aman', 'koneksi', 'infrastruktur', 'koneksi', 'infrastruktur', 'pribadi', 'virtual', 'internet', 'protokol', 'manajemen', 'koneksi', 'infrastruktur']"
Pengolahan Sinyal Digital,"['olah', 'sinyal', 'digital', 'olah', 'sinyal', 'digital', 'proses', 'sinyal', 'digital', 'olah', 'sinyal', 'digital', 'olah', 'sinyal', 'digital', 'kembang', 'olah', 'sinyal', 'digital', 'olah', 'sinyal', 'digital', 'proses', 'sinyal', 'olah', 'sinyal', 'digital', 'sinyal', 'frekuensi', 'elemen', 'sistem', 'olah', 'sinyal', 'digital', 'aplikasi', 'olah', 'sinyal', 'digital', 'sinyal', 'diskrit', 'notasi', 'sinyal', 'diskrit', 'representasi', 'format', 'sinyal', 'diskrit', 'operasi', 'sinyal', 'diskrit', 'sistem', 'diskrit', 'linier', 'ubah', 'sistem', 'diskrit', 'sistem', 'invarian', 'linier', 'konvolusi', 'diskrit', 'sistem', 'diskrit', 'transformasi', 'sistem', 'diskrit', 'transformasi', 'transformasi', 'alih', 'sistem', 'diskrit', 'invarian', 'linier', 'metode', 'korelasi', 'bersih', 'sinyal', 'analog', 'bersih', 'sinyal', 'digital', 'metode', 'respons', 'impuls', 'rancang', 'bersih', 'sinyal', 'digital', 'metode', 'respons', 'impuls', 'transformasi', 'linier', 'rancang', 'bersih', 'sinyal', 'digital', 'metode', 'respons', 'impuls', 'bersih', 'sinyal', 'digital', 'metode', 'respons', 'impuls', 'bersih', 'gera', 'rancang', 'bersih', 'respons', 'impuls', 'metode', 'langsung', 'rancang', 'bersih', 'sinyal', 'digital', 'rancang', 'bersih', 'respons', 'impuls', 'transformasi', 'fourier', 'sinyal', 'diskrit', 'analisis', 'transformasi', 'fourier', 'transformasi', 'fourier', 'cepat', 'frekuensi', 'program', 'aritmatika', 'grafik', 'metode', 'ekspansi', 'parsial', 'metode', 'program', 'konvolusi', 'transformasi', 'program', 'program', 'konvolusi', 'program', 'transformasi', 'program', 'transformasi', 'program', 'proses', 'sinyal', 'olah', 'sinyal', 'digital', 'elektronika', 'program', 'program', 'bersih', 'sinyal', 'analog', 'program', 'transformasi', 'fourier', 'cepat', 'program', 'bersih', 'sinyal', 'digital', 'metode', 'respons', 'impuls', 'respons', 'impuls']"
Basis Data Lanjut,"['basis', 'data', 'kueri', 'sistem', 'manajemen', 'basis', 'data', 'orientasi', 'objek', 'format', 'data', 'rancang', 'sistem', 'basis', 'data', 'basis', 'data', 'ajar', 'kelas', 'basis', 'data', 'basis', 'data', 'mandiri', 'kelas', 'praktik', 'proyek', 'basis', 'data', 'perintah', 'kueri', 'sql', 'bahasa', 'kueri', 'struktur', 'sql', 'bahasa', 'kueri', 'struktur', 'prosedur', 'sistem', 'basis', 'data', 'sql', 'bahasa', 'kueri', 'struktur', 'orientasi', 'objek', 'perintah', 'sql', 'bahasa', 'kueri', 'struktur', 'sistem', 'manajemen', 'basis', 'data', 'orientasi', 'objek', 'kueri', 'orientasi', 'objek', 'perintah', 'sql', 'bahasa', 'kueri', 'struktur', 'simpan', 'data', 'non', 'sql', 'non', 'sql', 'rancang', 'sistem', 'basis', 'data', 'distribusi', 'basis', 'data', 'distribusi', 'rancang', 'basis', 'data', 'multi', 'dimensi', 'data', 'basis', 'data', 'multi', 'dimensi', 'basis', 'data', 'konkurensi', 'pulih', 'basis', 'data', 'konkurensi', 'pulih', 'konkurensi', 'pulih', 'analisis', 'potensi', 'celah', 'aman', 'basis', 'data', 'rancang', 'aman', 'aman', 'basis', 'data', 'analisis', 'potensi', 'celah', 'aman', 'aman', 'basis', 'data', 'gudang', 'data', 'gudang', 'data', 'data', 'data', 'rancang', 'basis', 'data', 'sistem', 'basis', 'data']"
Komputasi Grid,"['komputasi', 'jaringan', 'komputasi', 'komputasi', 'komputasi', 'awan', 'komputasi', 'jaringan', 'virtual', 'komputasi', 'distribusi', 'terminologi', 'sistem', 'distribusi', 'komputasi', 'paralel', 'arsitektur', 'komputasi', 'paralel', 'proses', 'distribusi', 'arsitektur', 'komputer', 'paralel', 'arsitektur', 'layanan', 'komputasi', 'awan', 'arsitektur', 'aplikasi', 'komputasi', 'jaringan', 'klaster', 'klaster', 'arsitektur', 'klaster', 'program', 'thread', 'komputasi', 'komputasi', 'komputasi', 'awan', 'komputasi', 'jaringan', 'virtual', 'komputasi', 'distribusi', 'komputasi', 'awan', 'terminologi', 'teknologi', 'sistem', 'distribusi', 'komputasi', 'paralel', 'proses', 'distribusi', 'arsitektur', 'komputer', 'paralel', 'komputasi', 'awan', 'arsitektur', 'awan', 'layanan', 'komputasi', 'awan', 'arsitektur', 'aplikasi', 'komputasi', 'jaringan', 'komputasi', 'awan', 'jaringan', 'klaster', 'klaster', 'arsitektur', 'klaster', 'program', 'thread', 'kirim', 'pesan']"
Kriptografi,"['kriptografi', 'aman', 'data', 'enkripsi', 'dekripsi', 'pesan', 'metode', 'sistem', 'kunci', 'pribadi', 'sistem', 'kunci', 'publik', 'tangan', 'digital', 'dokumen', 'rancang', 'kriptografi', 'kuantum', 'steganografi', 'sembunyi', 'data', 'digital', 'arsitektur', 'komputer', 'ajar', 'kriptografi', 'matematika', 'teori', 'bilang', 'sistem', 'kriptografi', 'pribadi', 'publik', 'aman', 'data', 'teori', 'informasi', 'kriptografi', 'tangan', 'digital', 'kembang', 'kriptografi', 'kuantum', 'steganografi', 'sembunyi', 'data', 'digital', 'matematika', 'teori', 'bilang', 'kriptografi', 'algoritma', 'kriptografi', 'klasik', 'algoritma', 'kriptografi', 'klasik', 'modern', 'algoritma', 'kunci', 'publik', 'asimetris', 'sistem', 'aman', 'teknologi', 'informasi', 'kunci', 'pribadi', 'kunci', 'publik', 'kunci', 'publik', 'sistem', 'kriptografi', 'kunci', 'publik', 'kerja', 'protokol', 'tukar', 'kunci', 'contoh', 'protokol', 'tukar', 'kunci', 'kerja', 'sistem', 'kriptografi', 'contoh', 'sistem', 'kriptografi', 'algoritma', 'kriptografi', 'kurva', 'eliptik', 'proses', 'enkripsi', 'dekripsi', 'pesan', 'wujud', 'data', 'sistem', 'aman', 'teknologi', 'informasi', 'proses', 'enkripsi', 'algoritma', 'kriptografi', 'kurva', 'eliptik', 'kripta', 'analisis', 'analisis', 'algoritma', 'kriptografi', 'kerja', 'skema', 'tangan', 'digital']"
Manajemen Sistem Informasi,"['manajemen', 'sistem', 'informasi', 'teknologi', 'sistem', 'informasi', 'infrastruktur', 'teknologi', 'informasi', 'teknologi', 'sistem', 'informasi', 'dukung', 'keputusan', 'usaha', 'desain', 'ulang', 'proses', 'bisnis', 'rancang', 'teknologi', 'sistem', 'informasi', 'sistem', 'teknologi', 'sistem', 'informasi', 'infrastruktur', 'teknologi', 'informasi', 'teknologi', 'sistem', 'informasi', 'dukung', 'keputusan', 'usaha', 'desain', 'ulang', 'proses', 'bisnis', 'rancang', 'teknologi', 'sistem', 'informasi', 'sistem', 'teknologi', 'sistem', 'informasi', 'manajemen', 'teknologi', 'sistem', 'informasi', 'kuasa', 'teknologi', 'sistem', 'informasi', 'dukung', 'keputusan', 'usaha', 'sistem', 'manajemen', 'proses', 'bisnis', 'sosial', 'etika', 'teknis', 'perangkat', 'lunak', 'simpan', 'data', 'teknologi', 'telekomunikasi', 'infrastruktur', 'teknologi', 'informasi', 'infrastruktur', 'teknologi', 'informasi', 'teknologi', 'sistem', 'informasi', 'raih', 'distribusi', 'keputusan', 'usaha', 'dukung', 'kerja', 'kolaborasi', 'kelompok', 'cerdas', 'sistem', 'dukung', 'keputusan', 'bisnis', 'sistem', 'desain', 'proses', 'bisnis', 'ubah', 'sistem', 'teknologi', 'sistem', 'informasi']"
Proyek Perangkat Lunak,"['proyek', 'perangkat', 'lunak', 'analisis', 'proyek', 'perangkat', 'lunak', 'desain', 'prototipe', 'purwarupa', 'produk', 'estimasi', 'proyek', 'perangkat', 'lunak', 'manajemen', 'proyek', 'perangkat', 'lunak', 'metode', 'rancang', 'proyek', 'perangkat', 'lunak', 'proyek', 'lapang', 'rangka', 'analisis', 'proyek', 'perangkat', 'lunak', 'desain', 'prototipe', 'purwarupa', 'produk', 'proyek', 'perangkat', 'lunak', 'gambar', 'lingkungan', 'rumus', 'spesifikasi', 'perangkat', 'lunak', 'perangkat', 'lunak', 'bentuk', 'bahasa', 'spesifikasi', 'standar', 'diagram', 'alur', 'data', 'desain', 'rancang', 'perangkat', 'lunak', 'temu', 'dokumentasi', 'rancang', 'perangkat', 'lunak', 'rancang', 'perangkat', 'lunak', 'kode', 'sumber', 'akses', 'dokumentasi', 'spesifikasi', 'perangkat', 'lunak', 'uji', 'pelihara', 'perangkat', 'lunak', 'kualitas', 'perangkat', 'lunak', 'manajemen', 'proyek', 'dokumen', 'spesifikasi']"
Expert System,"['pakar', 'sistem', 'sistem', 'pakar', 'metodologi', 'rancang', 'sistem', 'pakar', 'metode', 'basis', 'metode', 'nalar', 'posisi', 'sistem', 'pakar', 'cerdas', 'kembang', 'sistem', 'pakar', 'sistem', 'pakar', 'metodologi', 'rancang', 'sistem', 'pakar', 'pakar', 'akuisisi', 'representasi', 'metode', 'inferensi', 'metode', 'tangan', 'faktor', 'metode', 'fuzzy', 'sistem', 'pakar', 'kembang', 'sistem', 'pakar', 'sistem', 'pakar', 'komponen', 'elemen', 'manusia', 'sistem', 'pakar', 'kategori', 'problem', 'aplikasi', 'sistem', 'pakar', 'nalar', 'metode', 'metode', 'nalar', 'sistem', 'pakar', 'sistem', 'pakar', 'kandung', 'unsur', 'metode', 'rancang', 'sistem', 'pakar', 'sistem', 'pakar', 'jaringan', 'saraf', 'sistem', 'pakar', 'jaringan', 'saraf', 'sistem', 'pakar', 'gabung', 'sistem', 'inferensi', 'fuzzy', 'arsitektur', 'jaringan', 'saraf', 'sistem', 'pakar', 'algoritma', 'genetik', 'rancang', 'sistem', 'pakar', 'rancang', 'sistem', 'pakar', 'kompilator']"
Komputasi Cloud,"['komputasi', 'awan', 'teknologi', 'komputasi', 'awan', 'layanan', 'komputasi', 'awan', 'arsitektur', 'orientasi', 'layanan', 'perangkat', 'lunak', 'layanan', 'platform', 'layanan', 'infrastruktur', 'layanan', 'awan', 'komputasi', 'komputasi', 'awan', 'arsitektur', 'layanan', 'awan', 'komputasi', 'awan', 'komputasi', 'layanan', 'virtual', 'virtual', 'awan', 'komputasi', 'teknologi', 'komputasi', 'awan', 'awan', 'komputasi', 'layanan', 'komputasi', 'awan', 'awan', 'komputasi', 'arsitektur', 'elemen', 'komputasi', 'awan', 'awan', 'komputasi', 'manajemen', 'komputasi', 'awan', 'awan', 'komputasi', 'arsitektur', 'orientasi', 'layanan', 'aman', 'komputasi', 'awan', 'awan', 'komputasi', 'teknologi', 'virtual', 'komputasi', 'awan', 'awan', 'komputasi', 'teknologi', 'platform', 'komputasi', 'awan', 'awan', 'komputasi', 'strategi', 'teknologi', 'informasi', 'modern', 'aplikasi', 'adopsi', 'komputasi', 'awan', 'awan', 'komputasi', 'utilitas', 'layanan', 'web', 'analisis', 'awan', 'komputasi', 'aplikasi', 'commerce', 'kategori', 'commerce', 'rancang', 'basis', 'data', 'server', 'awan', 'manajemen', 'layanan', 'sistem', 'nama', 'domain', 'awan', 'rancang', 'web', 'portal', 'awan']"
Teknik Multimedia,"['multimedia', 'proses', 'multimedia', 'kembang', 'teknologi', 'multimedia', 'teknologi', 'mutakhir', 'replikasi', 'algoritma', 'teknologi', 'multimedia', 'ajar', 'teknologi', 'multimedia', 'teknologi', 'teori', 'kompresi', 'kode', 'gambar', 'citra', 'digital', 'kompresi', 'kode', 'gambar', 'citra', 'digital', 'standar', 'kompresi', 'gambar', 'citra', 'digital', 'standar', 'kompresi', 'gambar', 'citra', 'digital', 'ukur', 'kualitas', 'gambar', 'citra', 'video', 'ukur', 'kualitas', 'gambar', 'citra', 'video', 'olah', 'video', 'analog', 'olah', 'video', 'analog', 'olah', 'video', 'digital', 'olah', 'video', 'digital', 'standar', 'format', 'video', 'digital', 'standar', 'format', 'video', 'digital', 'olah', 'video', 'digital', 'aplikasi', 'olah', 'video', 'digital', 'aplikasi', 'rancang', 'sistem', 'kompresi', 'kode', 'citra', 'digital', 'rancang', 'ukur', 'kualitas', 'gambar', 'citra', 'video', 'rancang', 'sistem', 'olah', 'video', 'digital', 'rancang', 'sistem', 'estimasi', 'gerak', 'video']"
Jaminan Mutu Perangkat Lunak,"['jamin', 'mutu', 'perangkat', 'lunak', 'jamin', 'kualitas', 'perangkat', 'lunak', 'proses', 'uji', 'fungsi', 'ajar', 'uji', 'kualitas', 'fungsi', 'perangkat', 'lunak', 'instalasi', 'ajar', 'uji', 'perangkat', 'lunak', 'uji', 'jamin', 'kualitas', 'perangkat', 'lunak', 'rancang', 'praktik', 'uji', 'perangkat', 'lunak', 'jamin', 'mutu', 'perangkat', 'lunak', 'uji', 'kualitas', 'perangkat', 'lunak', 'instalasi', 'uji', 'perangkat', 'lunak', 'uji', 'jamin', 'kualitas', 'perangkat', 'lunak', 'rancang', 'jamin', 'kualitas', 'perangkat', 'lunak', 'jamin', 'kualitas', 'perangkat', 'lunak', 'faktor', 'uji', 'kualitas', 'perangkat', 'lunak', 'komponen', 'jamin', 'kualitas', 'perangkat', 'lunak', 'komponen', 'kualitas', 'perangkat', 'lunak', 'proyek', 'rancang', 'rencana', 'manajemen', 'kualitas', 'perangkat', 'lunak', 'komponen', 'proyek', 'siklus', 'proyek', 'perangkat', 'lunak', 'komponen', 'infrastruktur', 'manajemen', 'uji', 'fungsi', 'perangkat', 'lunak', 'jamin', 'kualitas', 'perangkat', 'lunak', 'siklus', 'proyek', 'uji', 'fungsi', 'perangkat', 'lunak', 'kualitas', 'perangkat', 'lunak', 'infrastruktur', 'kualitas', 'perangkat', 'lunak', 'kualitas', 'perangkat', 'manajemen', 'kualitas', 'perangkat', 'lunak', 'matrik', 'ukur', 'kualitas', 'perangkat', 'lunak', 'peluang', 'tantang', 'jamin', 'kualitas', 'perangkat', 'lunak']"
Business Intelligence,"['bisnis', 'cerdas', 'cerdas', 'bisnis', 'cerdas', 'cerdas', 'rancang', 'cerdas', 'tambang', 'data', 'bisnis', 'cerdas', 'bisnis', 'sistem', 'dukung', 'keputusan', 'cerdas', 'bisnis', 'komponen', 'cerdas', 'cerdas', 'tambang', 'data', 'cerdas', 'cerdas', 'tambang', 'data', 'cerdas', 'bisnis', 'teknologi', 'gudang', 'data', 'cerdas', 'bisnis', 'metode', 'cerdas', 'cerdas', 'tambang', 'data', 'cerdas', 'bisnis', 'pustaka', 'antarmuka', 'program', 'aplikasi', 'rancang', 'kembang', 'cerdas', 'bisnis', 'cerdas', 'bisnis', 'cerdas', 'tambang', 'data']"
Cyber Security,"['siber', 'aman', 'aman', 'siber', 'aman', 'siber', 'unit', 'ancam', 'maya', 'tahan', 'aman', 'risiko', 'aman', 'aman', 'siber', 'perilaku', 'manusia', 'kriptografi', 'hash', 'kesah', 'autentik', 'perangkat', 'lunak', 'bahaya', 'forensik', 'digital', 'aman', 'jaringan', 'aman', 'siber', 'unit', 'ancam', 'maya', 'tahan', 'aman', 'risiko', 'aman', 'aman', 'siber', 'perilaku', 'manusia', 'kriptografi', 'hash', 'kesah', 'autentikasi', 'perangkat', 'lunak', 'bahaya', 'forensik', 'digital', 'aman', 'jaringan', 'aman', 'siber', 'ancam', 'maya', 'tahan', 'risiko', 'aman', 'aman', 'siber', 'perilaku', 'manusia', 'kriptografi', 'hash', 'kesah', 'autentik', 'perangkat', 'lunak', 'bahaya', 'forensik', 'digital', 'aman', 'jaringan', 'ancam', 'siber', 'sistem', 'tahan', 'perilaku', 'manusia', 'sistem', 'aman', 'siber', 'sistem', 'aman', 'serang', 'siber', 'aman', 'koneksi', 'infrastruktur', 'siber']"
Kapita Selekta Ilmu Komputer,"['kapita', 'selekta', 'komputer', 'deteksi', 'rumor', 'kumpul', 'data', 'rancang', 'set', 'data', 'proses', 'teks', 'ekstraksi', 'fitur', 'fitur', 'rumor', 'deteksi', 'rumor', 'deteksi', 'rumor', 'salah', 'rancang', 'komputer', 'teori', 'riset', 'riset', 'rumor', 'sebar', 'rumor', 'medium', 'sosial', 'deteksi', 'rumor', 'medium', 'sosial', 'tambang', 'data', 'data', 'tambang', 'medium', 'sosial', 'rancang', 'set', 'data', 'kumpul', 'data', 'rancang', 'set', 'data', 'fitur', 'deteksi', 'rumor', 'fitur', 'ekstraksi', 'fitur', 'fitur', 'deteksi', 'rumor', 'proses', 'teks', 'analisis', 'teks', 'proses', 'teks', 'metode', 'metode', 'area', 'riset', 'deteksi', 'rumor', 'deteksi', 'rumor']"
Manajemen Proyek,"['manajemen', 'proyek', 'manajemen', 'proyek', 'teknologi', 'informasi', 'ajar', 'manajemen', 'proyek', 'manajemen', 'proyek', 'teknologi', 'informasi', 'proyek', 'manajemen', 'proyek', 'manajemen', 'proyek', 'manajemen', 'proyek', 'teknologi', 'informasi', 'manajemen', 'sistem', 'proses', 'rancang', 'proyek', 'perangkat', 'lunak', 'proses', 'manajer', 'proyek', 'proyek', 'teknologi', 'informasi', 'rancang', 'salah', 'perangkat', 'lunak', 'proyek', 'perangkat', 'lunak', 'tutup', 'proyek', 'analisis', 'proses', 'proyek', 'proyek', 'proyek', 'rencana', 'proyek', 'perangkat', 'lunak', 'rencana', 'rencana', 'biaya', 'proyek', 'perangkat', 'lunak', 'dana', 'rencana', 'rencana', 'kualitas', 'proyek', 'perangkat', 'lunak', 'rencana', 'tim', 'proyek', 'proyek', 'perangkat', 'lunak', 'rencana', 'proses', 'proyek', 'risiko', 'rancang', 'proyek', 'teknologi', 'informasi', 'rencana', 'barang', 'servis', 'dukung', 'proyek', 'rencana', 'proyek', 'perangkat', 'lunak']"
Natural Language Processing,"['alami', 'bahasa', 'olah', 'olah', 'bahasa', 'alami', 'olah', 'proses', 'data', 'teks', 'morfologi', 'finite', 'state', 'jarak', 'edit', 'minimal', 'bahasa', 'klasifikasi', 'teks', 'analisis', 'sentimen', 'tata', 'bahasa', 'bebas', 'konteks', 'teknologi', 'proses', 'bahasa', 'alami', 'alami', 'bahasa', 'olah', 'teknologi', 'olah', 'bahasa', 'alami', 'teknologi', 'olah', 'proses', 'teks', 'morfologi', 'finite', 'state', 'teknologi', 'jarak', 'edit', 'minimal', 'teknologi', 'bahasa', 'teknologi', 'klasifikasi', 'teks', 'teknologi', 'analisis', 'sentimen', 'tata', 'bahasa', 'bebas', 'konteks', 'kerja', 'mutakhir', 'olah', 'bahasa', 'alami', 'alami', 'bahasa', 'olah', 'linguistik', 'komputasi', 'olah', 'bahasa', 'alami', 'olah', 'bahasa', 'alami', 'olah', 'teks', 'bahasa', 'rancang', 'teks', 'analisis', 'sentimen', 'rancang', 'representasi', 'linguistik', 'representasi', 'morfologi', 'sintaksis', 'semantik', 'riset', 'komunitas', 'olah', 'bahasa', 'alami', 'linguistik', 'komputasi', 'olah', 'bahasa', 'alami', 'kuasa', 'olah', 'naskah', 'bahasa', 'manusia']"
Pengamanan Data Multimedia,"['aman', 'data', 'multimedia', 'aman', 'data', 'multimedia', 'proses', 'aman', 'konten', 'multimedia', 'konten', 'multimedia', 'medium', 'simpan', 'pesan', 'hak', 'kriptografi', 'steganografi', 'sembunyi', 'data', 'digital', 'tangan', 'digital', 'multimedia', 'aman', 'multimedia', 'multimedia', 'aman', 'komputer', 'aman', 'multimedia', 'aman', 'multimedia', 'kriptografi', 'steganografi', 'sembunyi', 'data', 'digital', 'kriptografi', 'medium', 'algoritma', 'kriptografi', 'klasik', 'modern', 'multimedia', 'steganografi', 'sembunyi', 'data', 'medium', 'teks', 'gambar', 'audio', 'steganografi', 'sembunyi', 'data', 'medium', 'teks', 'gambar', 'audio', 'rancang', 'sistem', 'aman', 'data', 'multimedia', 'teks', 'gambar', 'audio', 'ide', 'rancang', 'tinjau', 'tinjau', 'aman', 'data', 'gambar', 'digital', 'gambar', 'sisip', 'digital', 'domain', 'spasial', 'autentikasi', 'citra', 'tangan', 'digital', 'autentikasi', 'citra', 'tangan', 'digital', 'domain', 'spasial', 'sisip', 'digital', 'gambar', 'frekuensi', 'spektrum', 'sebar', 'autentikasi', 'citra', 'tangan', 'digital', 'frekuensi', 'aplikasi', 'salah', 'algoritma', 'aman', 'data', 'data', 'teks', 'gambar', 'audio', 'presentasi', 'lapor', 'algoritma', 'aman', 'data']"
Pengujian Perangkat Lunak,"['uji', 'perangkat', 'lunak', 'uji', 'perangkat', 'lunak', 'analisis', 'uji', 'perangkat', 'lunak', 'metode', 'kualitas', 'perangkat', 'lunak', 'aman', 'kerja', 'kembang', 'uji', 'perangkat', 'lunak', 'rancang', 'perangkat', 'lunak', 'kualitas', 'metode', 'rancang', 'aplikasi', 'kualitas', 'rancang', 'uji', 'perangkat', 'lunak', 'uji', 'siklus', 'rancang', 'perangkat', 'lunak', 'fase', 'siklus', 'uji', 'analisis', 'uji', 'uji', 'rancang', 'uji', 'lingkungan', 'uji', 'eksekusi', 'uji', 'perangkat', 'lunak', 'metode', 'siklus', 'rancang', 'perangkat', 'lunak', 'matrik', 'penuh', 'syarat', 'proyek', 'siklus', 'rancang', 'siklus', 'uji', 'perangkat', 'lunak', 'estimasi', 'uji', 'perangkat', 'lunak', 'uji', 'kualitas', 'uji', 'uji', 'manual', 'uji', 'unit', 'uji', 'integrasi', 'sistem', 'uji', 'lapor', 'eror', 'uji', 'eror', 'eror', 'fungsi', 'eror', 'visual', 'eror', 'logika', 'eror', 'alur', 'kerja', 'eror', 'prioritas', 'eror']"
Software Process,"['perangkat', 'lunak', 'proses', 'proses', 'rekayasa', 'perangkat', 'lunak', 'proses', 'perangkat', 'lunak', 'siklus', 'perangkat', 'lunak', 'kualitas', 'proses', 'perangkat', 'lunak', 'ukur', 'perangkat', 'lunak', 'proses', 'rekayasa', 'perangkat', 'lunak', 'proses', 'perangkat', 'lunak', 'manajemen', 'proses', 'perangkat', 'lunak', 'infrastruktur', 'proses', 'perangkat', 'lunak', 'siklus', 'perangkat', 'lunak', 'kategori', 'proses', 'perangkat', 'lunak', 'siklus', 'perangkat', 'lunak', 'adaptasi', 'proses', 'perangkat', 'lunak', 'ukur', 'proses', 'perangkat', 'lunak', 'ukur', 'proses', 'perangkat', 'lunak', 'metode', 'ukur', 'proses', 'perangkat', 'lunak', 'proses', 'perangkat', 'lunak', 'metode', 'proses', 'perangkat', 'lunak', 'proses', 'perangkat', 'lunak', 'ukur', 'perangkat', 'lunak', 'ukur', 'proses', 'produk', 'perangkat', 'lunak', 'kualitas', 'ukur', 'informasi', 'perangkat', 'lunak', 'ukur', 'proses', 'perangkat', 'lunak', 'dukung', 'proses', 'perangkat', 'lunak', 'manajemen', 'proses', 'perangkat', 'lunak', 'individual', 'siklus', 'perangkat', 'lunak', 'edit', 'diagram', 'alur', 'data', 'diagram', 'status', 'diagram', 'kualitas', 'perangkat', 'lunak', 'evolusi', 'perangkat', 'lunak', 'jaga', 'perangkat', 'lunak', 'kualitas', 'perangkat', 'lunak']"
Etika Profesi,"['etika', 'profesi', 'etik', 'profesi', 'etik', 'profesi', 'karier', 'etik', 'komputer', 'kode', 'etik', 'profesi', 'teknologi', 'informasi', 'jahat', 'kerja', 'karier', 'teknologi', 'informasi', 'etika', 'bisnis', 'kerja', 'karier', 'profesi', 'ajar', 'etika', 'profesi', 'etik', 'profesi', 'etik', 'komputer', 'kode', 'etik', 'etik', 'teknologi', 'informasi', 'profesi', 'kerja', 'karier', 'teknologi', 'kode', 'etik', 'profesi', 'ajar', 'profesi', 'teknologi', 'informasi', 'jahat', 'teknologi', 'informasi', 'jahat', 'siber', 'etik', 'bisnis', 'regulasi', 'etik', 'bisnis', 'internet', 'sarana', 'bisnis', 'undang', 'undang', 'hak', 'cipta', 'lindung', 'program', 'komputer', 'perangkat', 'lunak', 'gratis', 'lisensi', 'etika', 'profesi', 'etika', 'profesi', 'profesional', 'etika', 'komputer', 'kode', 'etik', 'sejarah', 'kembang', 'profesi', 'teknologi', 'informasi', 'modus', 'jahat', 'teknologi', 'informasi', 'jahat', 'siber', 'etika', 'siber', 'etika', 'bisnis', 'regulasi', 'ajar', 'etika', 'profesi', 'etika', 'profesi', 'profesional', 'etika', 'komputer', 'kode', 'etik', 'sejarah', 'kembang', 'etika', 'teknologi', 'informasi', 'profesi', 'teknologi', 'kode', 'etik', 'profesi', 'ajar', 'profesi', 'teknologi', 'informasi', 'modus', 'jahat', 'teknologi', 'informasi', 'jahat', 'siber', 'etika', 'siber', 'etika', 'bisnis', 'regulasi', 'etika', 'bisnis', 'etika', 'siber', 'internet', 'sarana', 'bisnis', 'undang', 'undang', 'hak', 'cipta', 'lindung', 'program', 'komputer', 'perangkat', 'lunak', 'gratis', 'lisensi', 'etika', 'profesi', 'etika', 'profesi', 'profesional', 'etika', 'komputer', 'kode', 'etik', 'sejarah', 'kembang', 'tinjau', 'etika', 'sejarah', 'kembang', 'kerja', 'profesi', 'profesional', 'profesi', 'kerja', 'karier', 'it', 'kode', 'etik', 'profesi', 'kerja', 'karier', 'profesi', 'kerja', 'karier', 'teknologi', 'informasi', 'standar', 'profesi', 'profesional', 'kerja', 'teknologi', 'informasi', 'profesi', 'kerja', 'karier', 'teknologi', 'informasi', 'etika', 'siber', 'etika', 'bisnis', 'regulasi', 'profesi', 'kerja', 'karier', 'etika', 'bisnis', 'kode', 'etik', 'profesi', 'etika', 'siber', 'etika', 'maya', 'etika', 'kerja', 'teknologi', 'informasi', 'etika', 'bisnis', 'teknologi', 'informasi']"
Kewirausahaan,"['kewirausahaan', 'rancang', 'tumbuh', 'kembang', 'jiwa', 'kewirausahaan', 'entrepreneurial', 'spirit', 'peluang', 'tantang', 'ubah', 'lingkungan', 'berfikir', 'cerdas', 'cipta', 'value', 'to', 'create', 'value', 'rancang', 'bisnis', 'to', 'build', 'new', 'bisnis', 'pre', 'start', 'up', 'aplikasi', 'bentuk', 'bisnis', 'kewirausahaan', 'wirausaha', 'entreprenueurial', 'layak', 'usaha', 'bisnis', 'canvas', 'verifikasi', 'bisnis', 'canvas', 'kerja', 'kewirausahaan', 'kembang', 'pribadi', 'kembang', 'ide', 'cipta', 'usaha', 'susun', 'rencana', 'usaha', 'simulasi', 'usaha', 'manajemen', 'bisnis', 'modern']"
Kecerdasan Komputasional,"['cerdas', 'komputasi', 'algoritma', 'algoritma', 'evolusioner', 'cerdas', 'komputasi', 'swarm', 'algoritma', 'algoritma', 'logika', 'fuzzy', 'jaringan', 'saraf', 'tiru', 'algoritma', 'algoritma', 'evolusioner', 'cerdas', 'komputasi', 'swarm', 'logika', 'fuzzy', 'jaringan', 'saraf', 'tiru', 'analisis', 'kerja', 'algoritma', 'algoritma', 'jaringan', 'saraf', 'tiru', 'komputasi', 'evolusioner', 'cerdas', 'komputasi', 'swarm', 'komputasi', 'sistem', 'kebal', 'sistem', 'logika', 'fuzzy', 'jaringan', 'saraf', 'tiru', 'metode', 'ajar', 'optimasi', 'metode', 'klasifikasi', 'metode', 'optimasi', 'logika', 'samar', 'kombinasi', 'metode', 'metode', 'teori', 'kelas', 'bentuk', 'proyek', 'alami', 'sistem', 'cerdas', 'ajar', 'jaringan', 'saraf', 'tiru', 'algoritma', 'komputasi', 'ajar', 'sistem', 'cerdas', 'logika', 'samar', 'sistem', 'cerdas', 'metode', 'optimasi', 'algoritma', 'komputasi', 'genetik', 'optimasi', 'swarm', 'partikel', 'sistem', 'kebal', 'sistem', 'cerdas', 'kombinasi', 'metode', 'metode', 'algoritma', 'jaringan', 'saraf', 'tiru', 'hibrid', 'algoritma', 'komputasi', 'genetik', 'optimasi', 'swarm', 'partikel', 'algoritma', 'algoritma', 'sistem', 'kebal', 'logika', 'samar', 'analisis', 'algoritma', 'presentasi', 'cerdas', 'komputasi', 'komputasi', 'evolusioner', 'logika', 'samar', 'jaringan', 'saraf', 'mesin', 'dukung', 'vektor']"
Computer Vision,"['komputer', 'visi', 'visi', 'komputer', 'teori', 'teori', 'visi', 'komputer', 'susun', 'algoritma', 'visi', 'komputer', 'matematika', 'visi', 'komputer', 'algoritma', 'visi', 'komputer', 'aplikasi', 'visi', 'komputer', 'teori', 'teori', 'visi', 'komputer', 'susun', 'algoritma', 'visi', 'komputer', 'matematika', 'visi', 'komputer', 'algoritma', 'visi', 'komputer', 'aplikasi', 'kembang', 'teknologi', 'visi', 'komputer', 'teknologi', 'visi', 'komputer', 'gambar', 'metode', 'ajar', 'visi', 'komputer', 'gambar', 'pulih', 'citra', 'gambar', 'halftoning', 'kompresi', 'gambar', 'jaringan', 'saraf', 'konvolusi', 'jaringan', 'saraf', 'konvolusi', 'pulih', 'citra', 'gambar', 'halftoning', 'kompresi', 'gambar', 'gambar', 'pulih', 'citra', 'gambar', 'halftoning', 'kompresi', 'gambar', 'jaringan', 'jaringan', 'pulih', 'citra', 'gambar', 'halftoning', 'kompresi', 'gambar', 'jaringan', 'saraf', 'konvolusi', 'resolusi', 'gambar', 'resolusi', 'gambar', 'jaringan', 'saraf', 'konvolusi', 'ajar', 'residual', 'citra', 'gambar', 'ajar', 'residual', 'citra', 'gambar', 'teori', 'jaringan', 'jaringan', 'teori', 'gaya', 'transfer', 'jaringan', 'teori', 'jaringan', 'saraf', 'konvolusi', 'gelombang', 'gelombang', 'jaringan', 'saraf', 'konvolusi', 'aplikasi', 'jaringan', 'saraf', 'konvolusi', 'jaringan', 'lapor', 'eksperimen', 'jaringan', 'saraf', 'konvolusi', 'jaringan', 'tulis', 'jaringan', 'saraf', 'konvolusi', 'jaringan']"
Semantic Web,"['semantik', 'web', 'semantik', 'teknologi', 'web', 'semantik', 'proyek', 'web', 'semantik', 'meta', 'data', 'deskripsi', 'sumber', 'serial', 'ontologi', 'bahasa', 'ontologi', 'web', 'rekayasa', 'ontologi', 'target', 'otomatis', 'manajemen', 'logika', 'deskripsi', 'teknologi', 'web', 'semantik', 'proyek', 'ajar', 'data', 'semi', 'struktur', 'data', 'semi', 'struktur', 'representasi', 'representasi', 'deskripsi', 'sumber', 'skema', 'deskripsi', 'sumber', 'bahasa', 'ontologi', 'web', 'simpan', 'meta', 'data', 'web', 'semantik', 'meta', 'data', 'data', 'web', 'semantik', 'deskripsi', 'sumber', 'serial', 'deskripsi', 'sumber', 'ontologi', 'bahasa', 'ontologi', 'web', 'ontologi', 'bahasa', 'ontologi', 'web', 'target', 'otomatis', 'manajemen', 'basis', 'target', 'otomatis', 'logika', 'deskripsi', 'protokol', 'bahasa', 'kueri', 'deskripsi', 'sumber', 'logika', 'deskripsi', 'protokol', 'bahasa', 'kueri', 'deskripsi', 'sumber', 'basis', 'data', 'teknologi', 'web', 'semantik', 'proyek', 'teknologi', 'kembang', 'web', 'semantik']"
